condition,order_seed,root,targets,retrieved,moves,attempted,full_sequence,terminal
ours_floor_seed7,original,0,10,4,6,4,False,resettle_unstable
ours_floor_seed7,original,1,10,9,6,10,False,all_targets_attempted_with_failures
ours_floor_seed7,original,2,10,9,20,10,False,all_targets_attempted_with_failures
ours_floor_seed7,original,3,10,9,2,10,False,all_targets_attempted_with_failures
ours_floor_seed7,101,0,10,9,14,10,False,all_targets_attempted_with_failures
ours_floor_seed7,101,1,10,7,11,10,False,all_targets_attempted_with_failures
ours_floor_seed7,101,2,10,7,19,10,False,all_targets_attempted_with_failures
ours_floor_seed7,101,3,10,8,12,10,False,all_targets_attempted_with_failures
ours_floor_seed7,211,0,10,10,14,10,True,sequence_complete
ours_floor_seed7,211,1,10,9,14,10,False,all_targets_attempted_with_failures
ours_floor_seed7,211,2,10,9,17,10,False,all_targets_attempted_with_failures
ours_floor_seed7,211,3,10,10,4,10,True,sequence_complete
ours_floor_seed7,307,0,10,10,6,10,True,sequence_complete
ours_floor_seed7,307,1,10,9,9,10,False,all_targets_attempted_with_failures
ours_floor_seed7,307,2,10,4,14,6,False,resettle_unstable
ours_floor_seed7,307,3,10,10,4,10,True,sequence_complete
ours_floor_seed11,original,0,10,10,7,10,True,sequence_complete
ours_floor_seed11,original,1,10,9,6,10,False,all_targets_attempted_with_failures
ours_floor_seed11,original,2,10,8,18,10,False,all_targets_attempted_with_failures
ours_floor_seed11,original,3,10,8,4,10,False,all_targets_attempted_with_failures
ours_floor_seed11,101,0,10,9,12,10,False,all_targets_attempted_with_failures
ours_floor_seed11,101,1,10,5,17,10,False,all_targets_attempted_with_failures
ours_floor_seed11,101,2,10,8,13,10,False,all_targets_attempted_with_failures
ours_floor_seed11,101,3,10,9,12,10,False,all_targets_attempted_with_failures
ours_floor_seed11,211,0,10,7,9,10,False,all_targets_attempted_with_failures
ours_floor_seed11,211,1,10,9,15,10,False,all_targets_attempted_with_failures
ours_floor_seed11,211,2,10,9,25,10,False,all_targets_attempted_with_failures
ours_floor_seed11,211,3,10,10,5,10,True,sequence_complete
ours_floor_seed11,307,0,10,10,6,10,True,sequence_complete
ours_floor_seed11,307,1,10,9,10,10,False,all_targets_attempted_with_failures
ours_floor_seed11,307,2,10,7,14,10,False,all_targets_attempted_with_failures
ours_floor_seed11,307,3,10,10,10,10,True,sequence_complete
ours_floor_seed23,original,0,10,10,8,10,True,sequence_complete
ours_floor_seed23,original,1,10,9,12,10,False,all_targets_attempted_with_failures
ours_floor_seed23,original,2,10,8,25,10,False,all_targets_attempted_with_failures
ours_floor_seed23,original,3,10,8,4,10,False,all_targets_attempted_with_failures
ours_floor_seed23,101,0,10,10,13,10,True,sequence_complete
ours_floor_seed23,101,1,10,2,8,5,False,resettle_unstable
ours_floor_seed23,101,2,10,10,9,10,True,sequence_complete
ours_floor_seed23,101,3,10,10,7,10,True,sequence_complete
ours_floor_seed23,211,0,10,10,14,10,True,sequence_complete
ours_floor_seed23,211,1,10,9,15,10,False,all_targets_attempted_with_failures
ours_floor_seed23,211,2,10,8,22,10,False,all_targets_attempted_with_failures
ours_floor_seed23,211,3,10,10,6,10,True,sequence_complete
ours_floor_seed23,307,0,10,10,6,10,True,sequence_complete
ours_floor_seed23,307,1,10,9,9,10,False,all_targets_attempted_with_failures
ours_floor_seed23,307,2,10,7,16,10,False,all_targets_attempted_with_failures
ours_floor_seed23,307,3,10,9,5,10,False,all_targets_attempted_with_failures
ours_floor_seed31,original,0,10,10,7,10,True,sequence_complete
ours_floor_seed31,original,1,10,9,11,10,False,all_targets_attempted_with_failures
ours_floor_seed31,original,2,10,6,17,10,False,all_targets_attempted_with_failures
ours_floor_seed31,original,3,10,9,2,10,False,all_targets_attempted_with_failures
ours_floor_seed31,101,0,10,9,12,10,False,all_targets_attempted_with_failures
ours_floor_seed31,101,1,10,2,8,5,False,resettle_unstable
ours_floor_seed31,101,2,10,10,9,10,True,sequence_complete
ours_floor_seed31,101,3,10,10,7,10,True,sequence_complete
ours_floor_seed31,211,0,10,10,14,10,True,sequence_complete
ours_floor_seed31,211,1,10,9,15,10,False,all_targets_attempted_with_failures
ours_floor_seed31,211,2,10,6,20,10,False,all_targets_attempted_with_failures
ours_floor_seed31,211,3,10,9,5,10,False,all_targets_attempted_with_failures
ours_floor_seed31,307,0,10,10,6,10,True,sequence_complete
ours_floor_seed31,307,1,10,9,9,10,False,all_targets_attempted_with_failures
ours_floor_seed31,307,2,10,7,16,10,False,all_targets_attempted_with_failures
ours_floor_seed31,307,3,10,9,5,10,False,all_targets_attempted_with_failures
ours_floor_seed43,original,0,10,10,7,10,True,sequence_complete
ours_floor_seed43,original,1,10,9,6,10,False,all_targets_attempted_with_failures
ours_floor_seed43,original,2,10,6,17,10,False,all_targets_attempted_with_failures
ours_floor_seed43,original,3,10,9,2,10,False,all_targets_attempted_with_failures
ours_floor_seed43,101,0,10,9,12,10,False,all_targets_attempted_with_failures
ours_floor_seed43,101,1,10,2,8,5,False,resettle_unstable
ours_floor_seed43,101,2,10,10,9,10,True,sequence_complete
ours_floor_seed43,101,3,10,9,11,10,False,all_targets_attempted_with_failures
ours_floor_seed43,211,0,10,10,14,10,True,sequence_complete
ours_floor_seed43,211,1,10,9,15,10,False,all_targets_attempted_with_failures
ours_floor_seed43,211,2,10,6,20,10,False,all_targets_attempted_with_failures
ours_floor_seed43,211,3,10,3,2,3,False,resettle_unstable
ours_floor_seed43,307,0,10,10,6,10,True,sequence_complete
ours_floor_seed43,307,1,10,9,10,10,False,all_targets_attempted_with_failures
ours_floor_seed43,307,2,10,7,16,10,False,all_targets_attempted_with_failures
ours_floor_seed43,307,3,10,10,6,10,True,sequence_complete
direct_floor,original,0,10,1,0,10,False,all_targets_attempted_with_failures
direct_floor,original,1,10,2,7,10,False,all_targets_attempted_with_failures
direct_floor,original,2,10,1,9,10,False,all_targets_attempted_with_failures
direct_floor,original,3,10,3,0,10,False,all_targets_attempted_with_failures
direct_floor,101,0,10,1,0,10,False,all_targets_attempted_with_failures
direct_floor,101,1,10,2,6,10,False,all_targets_attempted_with_failures
direct_floor,101,2,10,1,10,10,False,all_targets_attempted_with_failures
direct_floor,101,3,10,3,0,10,False,all_targets_attempted_with_failures
direct_floor,211,0,10,1,0,10,False,all_targets_attempted_with_failures
direct_floor,211,1,10,1,6,10,False,all_targets_attempted_with_failures
direct_floor,211,2,10,2,7,10,False,all_targets_attempted_with_failures
direct_floor,211,3,10,3,0,10,False,all_targets_attempted_with_failures
direct_floor,307,0,10,1,0,10,False,all_targets_attempted_with_failures
direct_floor,307,1,10,0,5,10,False,all_targets_attempted_with_failures
direct_floor,307,2,10,3,5,10,False,all_targets_attempted_with_failures
direct_floor,307,3,10,4,0,10,False,all_targets_attempted_with_failures
nearest_floor,original,0,10,6,50,10,False,all_targets_attempted_with_failures
nearest_floor,original,1,10,6,50,10,False,all_targets_attempted_with_failures
nearest_floor,original,2,10,6,50,10,False,all_targets_attempted_with_failures
nearest_floor,original,3,10,10,50,10,True,sequence_complete
nearest_floor,101,0,10,3,50,10,False,all_targets_attempted_with_failures
nearest_floor,101,1,10,3,50,10,False,all_targets_attempted_with_failures
nearest_floor,101,2,10,3,50,10,False,all_targets_attempted_with_failures
nearest_floor,101,3,10,5,50,10,False,all_targets_attempted_with_failures
nearest_floor,211,0,10,1,50,10,False,all_targets_attempted_with_failures
nearest_floor,211,1,10,7,50,10,False,all_targets_attempted_with_failures
nearest_floor,211,2,10,2,50,10,False,all_targets_attempted_with_failures
nearest_floor,211,3,10,8,50,10,False,all_targets_attempted_with_failures
nearest_floor,307,0,10,9,50,10,False,all_targets_attempted_with_failures
nearest_floor,307,1,10,5,50,10,False,all_targets_attempted_with_failures
nearest_floor,307,2,10,3,50,10,False,all_targets_attempted_with_failures
nearest_floor,307,3,10,7,50,10,False,all_targets_attempted_with_failures
mechanical_floor,original,0,10,6,26,10,False,all_targets_attempted_with_failures
mechanical_floor,original,1,10,4,32,10,False,all_targets_attempted_with_failures
mechanical_floor,original,2,10,6,28,10,False,all_targets_attempted_with_failures
mechanical_floor,original,3,10,5,26,10,False,all_targets_attempted_with_failures
mechanical_floor,101,0,10,7,19,10,False,all_targets_attempted_with_failures
mechanical_floor,101,1,10,7,22,10,False,all_targets_attempted_with_failures
mechanical_floor,101,2,10,6,27,10,False,all_targets_attempted_with_failures
mechanical_floor,101,3,10,9,12,10,False,all_targets_attempted_with_failures
mechanical_floor,211,0,10,4,32,10,False,all_targets_attempted_with_failures
mechanical_floor,211,1,10,4,33,10,False,all_targets_attempted_with_failures
mechanical_floor,211,2,10,4,31,10,False,all_targets_attempted_with_failures
mechanical_floor,211,3,10,3,37,10,False,all_targets_attempted_with_failures
mechanical_floor,307,0,10,4,38,10,False,all_targets_attempted_with_failures
mechanical_floor,307,1,10,7,17,10,False,all_targets_attempted_with_failures
mechanical_floor,307,2,10,6,23,10,False,all_targets_attempted_with_failures
mechanical_floor,307,3,10,5,30,10,False,all_targets_attempted_with_failures
xray_floor,original,0,10,10,13,10,True,sequence_complete
xray_floor,original,1,10,9,15,10,False,all_targets_attempted_with_failures
xray_floor,original,2,10,8,21,10,False,all_targets_attempted_with_failures
xray_floor,original,3,10,10,4,10,True,sequence_complete
xray_floor,101,0,10,7,29,10,False,all_targets_attempted_with_failures
xray_floor,101,1,10,9,16,10,False,all_targets_attempted_with_failures
xray_floor,101,2,10,7,27,10,False,all_targets_attempted_with_failures
xray_floor,101,3,10,9,14,10,False,all_targets_attempted_with_failures
xray_floor,211,0,10,7,23,10,False,all_targets_attempted_with_failures
xray_floor,211,1,10,9,19,10,False,all_targets_attempted_with_failures
xray_floor,211,2,10,9,18,10,False,all_targets_attempted_with_failures
xray_floor,211,3,10,3,2,3,False,resettle_unstable
xray_floor,307,0,10,8,21,10,False,all_targets_attempted_with_failures
xray_floor,307,1,10,8,20,10,False,all_targets_attempted_with_failures
xray_floor,307,2,10,6,26,10,False,all_targets_attempted_with_failures
xray_floor,307,3,10,10,13,10,True,sequence_complete
